,SalePrice,LotArea,GrLivArea,BsmtFullBath,BsmtHalfBath,FullBath,HalfBath,BedroomAbvGr,KitchenAbvGr,Fireplaces,GarageCars
0,208500,8450,1710,1,0,2,1,3,1,0,2
1,181500,9600,1262,0,1,2,0,3,1,1,2
2,223500,11250,1786,1,0,2,1,3,1,1,2
3,140000,9550,1717,1,0,1,0,3,1,1,3
4,250000,14260,2198,1,0,2,1,4,1,1,3
5,143000,14115,1362,1,0,1,1,1,1,0,2
6,307000,10084,1694,1,0,2,0,3,1,1,2
7,200000,10382,2090,1,0,2,1,3,1,2,2
8,129900,6120,1774,0,0,2,0,2,2,2,2
9,118000,7420,1077,1,0,1,0,2,2,2,1
10,129500,11200,1040,1,0,1,0,3,1,0,1
11,345000,11924,2324,1,0,3,0,4,1,2,3
12,144000,12968,912,1,0,1,0,2,1,0,1
13,279500,10652,1494,0,0,2,0,3,1,1,3
14,157000,10920,1253,1,0,1,1,2,1,1,1
15,132000,6120,854,0,0,1,0,2,1,0,2
16,149000,11241,1004,1,0,1,0,2,1,1,2
17,90000,10791,1296,0,0,2,0,2,2,0,2
18,159000,13695,1114,1,0,1,1,3,1,0,2
19,139000,7560,1339,0,0,1,0,3,1,0,1
20,325300,14215,2376,0,0,3,1,4,1,1,3
21,139400,7449,1108,0,0,1,0,3,1,1,1
22,230000,9742,1795,0,0,2,0,3,1,1,2
23,129900,4224,1060,1,0,1,0,3,1,1,2
24,154000,8246,1060,1,0,1,0,3,1,1,1
25,256300,14230,1600,0,0,2,0,3,1,1,3
26,134800,7200,900,0,1,1,0,3,1,0,2
27,306000,11478,1704,1,0,2,0,3,1,1,3
28,207500,16321,1600,1,0,1,0,2,1,2,1
29,68500,6324,520,0,0,1,0,1,1,0,1
30,40000,8500,1317,0,0,1,0,3,1,0,1
31,149350,8544,1228,0,0,1,1,3,1,0,1
32,179900,11049,1234,0,0,2,0,3,1,0,2
33,165500,10552,1700,0,1,1,1,4,1,1,2
34,277500,7313,1561,1,0,2,0,2,1,1,2
35,309000,13418,2452,0,0,3,1,4,1,1,3
36,145000,10859,1097,0,0,1,1,3,1,0,2
37,153000,8532,1297,0,1,1,0,3,1,1,2
38,109000,7922,1057,1,0,1,0,3,1,0,1
39,82000,6040,1152,0,0,2,0,2,2,0,0
40,160000,8658,1324,0,0,2,0,3,1,1,2
41,170000,16905,1328,0,1,1,1,2,1,2,1
42,144000,9180,884,1,0,1,0,2,1,0,2
43,130250,9200,938,1,0,1,0,3,1,0,1
44,141000,7945,1150,1,0,1,0,3,1,0,1
45,319900,7658,1752,1,0,2,0,2,1,1,2
46,239686,12822,2149,1,0,1,1,1,1,1,2
47,249700,11096,1656,0,0,2,0,3,1,0,3
48,113000,4456,1452,0,0,2,0,2,3,0,0
49,127000,7742,955,1,0,1,0,3,1,0,1
50,177000,13869,1470,0,1,2,0,3,1,0,2
51,114500,6240,1176,0,0,1,0,3,1,1,2
52,110000,8472,816,1,0,1,0,2,1,0,2
54,130000,7134,1360,0,0,1,0,3,1,1,2
55,180500,10175,1425,0,0,2,0,3,1,1,2
56,172500,2645,1739,1,0,2,1,3,1,0,2
57,196500,11645,1720,0,0,2,1,3,1,0,2
58,438780,13682,2945,0,0,3,1,3,1,1,3
59,124900,7200,780,0,0,1,0,2,1,0,1
60,158000,13072,1158,1,0,1,1,3,1,0,2
61,101000,7200,1111,0,0,1,0,3,1,0,1
62,202500,6442,1370,0,0,2,0,2,1,1,2
63,140000,10300,1710,0,0,2,0,3,1,0,2
64,219500,9375,2034,1,0,2,1,3,1,0,2
65,317000,9591,2473,0,0,2,1,4,1,1,3
66,180000,19900,2207,1,0,2,0,3,1,1,2
67,226000,10665,1479,1,0,2,0,3,1,0,2
68,80000,4608,747,0,0,1,0,2,1,0,1
69,225000,15593,2287,0,0,2,0,3,1,1,2
70,244000,13651,2223,1,0,2,0,3,1,2,2
71,129500,7599,845,1,0,1,0,2,1,0,2
72,185000,10141,1718,0,0,2,1,3,1,1,2
73,144900,10200,1086,1,0,1,0,3,1,0,2
74,107400,5790,1605,0,0,2,0,3,2,0,1
75,91000,1596,988,1,0,1,0,2,1,0,1
76,135750,8475,952,0,0,1,0,2,1,0,1
77,127000,8635,1285,1,0,1,0,2,1,0,1
78,136500,10778,1768,0,0,2,0,4,2,0,0
79,110000,10440,1230,0,0,1,1,2,1,0,2
80,193500,13000,2142,0,0,2,1,4,1,1,1
81,153500,4500,1337,1,0,2,0,2,1,0,2
82,245000,10206,1563,0,0,2,0,3,1,1,3
83,126500,8892,1065,0,0,1,1,3,1,0,2
84,168500,8530,1474,0,0,2,1,3,1,1,2
85,260000,16059,2417,0,0,2,1,4,1,1,2
86,174000,11911,1560,0,0,2,1,3,1,1,2
87,164500,3951,1224,0,0,2,1,2,1,0,2
88,85000,8470,1526,0,0,1,0,2,1,0,0
89,123600,8070,990,1,0,1,0,3,1,0,0
90,109900,7200,1040,0,0,1,0,2,1,0,2
91,98600,8500,1235,0,0,1,0,2,1,0,2
92,163500,13360,964,1,0,1,0,2,1,0,2
93,133900,7200,2291,0,1,2,0,4,2,1,2
94,204750,9337,1786,1,0,2,1,3,1,0,2
95,185000,9765,1470,0,0,2,1,3,1,1,2
96,214000,10264,1588,0,0,2,0,3,1,0,2
97,94750,10921,960,1,0,1,0,3,1,0,1
98,83000,10625,835,0,0,1,0,2,1,0,1
99,128950,9320,1225,1,0,1,1,3,1,0,0
100,205000,10603,1610,1,0,2,0,3,1,2,2
101,178000,9206,1732,0,0,2,1,3,1,1,2
102,118964,7018,1535,0,0,2,0,4,2,0,2
103,198900,10402,1226,0,0,2,0,3,1,0,3
104,169500,7758,1818,0,0,1,1,4,1,2,1
105,250000,9375,1992,0,0,2,1,3,1,1,2
106,100000,10800,1047,0,0,1,0,2,1,0,1
107,115000,6000,789,0,0,1,0,2,1,0,1
108,115000,8500,1517,0,0,2,0,3,1,0,0
109,190000,11751,1844,0,0,2,0,3,1,1,2
110,136900,9525,1855,0,0,2,0,4,1,0,1
111,180000,7750,1430,0,0,2,1,3,1,1,2
112,383970,9965,2696,1,0,2,1,4,1,1,3
113,217000,21000,2259,1,0,2,0,3,1,2,2
114,259500,7259,2320,1,0,2,1,3,1,1,1
115,176000,3230,1458,0,0,2,1,2,1,1,2
116,139000,11616,1092,0,1,1,0,3,1,1,1
117,155000,8536,1125,0,0,1,1,2,1,0,2
118,320000,12376,3222,1,0,3,0,5,1,2,3
119,163990,8461,1456,0,0,2,1,3,1,1,2
120,180000,21453,988,1,0,1,0,1,1,2,2
121,100000,6060,1123,0,0,1,0,3,1,0,1
122,136000,9464,1080,0,0,1,0,3,1,0,1
123,153900,7892,1199,0,0,2,0,2,1,0,2
124,181000,17043,1586,0,0,2,0,3,1,1,2
125,84500,6780,754,1,0,1,0,2,1,0,0
126,128000,4928,958,0,0,2,0,2,1,1,2
127,87000,4388,840,0,0,1,0,3,1,1,0
128,155000,7590,1348,0,0,1,1,3,1,1,2
129,150000,8973,1053,0,1,1,1,3,1,0,2
130,226000,14200,2157,0,0,2,1,4,1,2,2
131,244000,12224,2054,1,0,2,1,3,1,1,2
132,150750,7388,1327,1,0,1,0,3,1,0,2
133,220000,6853,1296,1,0,2,0,2,1,0,2
134,180000,10335,1721,0,0,2,1,3,1,1,2
135,174000,10400,1682,0,0,2,0,3,1,1,2
136,143000,10355,1214,0,0,2,0,3,1,1,1
137,171000,11070,1959,0,0,3,0,5,2,0,3
138,230000,9066,1852,0,0,2,1,3,1,2,3
139,231500,15426,1764,1,0,2,1,3,1,0,2
140,115000,10500,864,0,0,1,0,3,1,1,0
141,260000,11645,1734,1,0,2,0,3,1,0,2
142,166000,8520,1385,0,0,2,0,4,1,0,2
143,204000,10335,1501,1,0,2,0,3,1,0,2
144,125000,9100,1728,1,0,2,0,6,2,0,2
145,130000,2522,1709,0,0,2,0,3,1,0,2
146,105000,6120,875,1,0,1,0,2,1,0,1
147,222500,9505,2035,0,0,2,1,3,1,1,2
148,141000,7500,1080,1,0,1,0,3,1,0,0
149,115000,6240,1344,0,0,1,0,3,1,0,1
150,122000,10356,969,0,0,1,1,3,1,0,2
151,372402,13891,1710,1,0,2,0,2,1,1,3
152,190000,14803,1993,0,0,2,1,4,1,1,2
153,235000,13500,1252,1,0,1,0,1,1,1,2
154,125000,11340,1200,0,0,1,0,4,1,0,1
155,79000,9600,1096,0,0,1,0,2,1,0,0
156,109500,7200,1040,0,0,1,0,2,1,0,2
157,269500,12003,1968,0,0,2,1,4,1,1,3
158,254900,12552,1947,0,0,2,1,3,1,1,2
159,320000,19378,2462,1,0,2,1,4,1,1,2
160,162500,11120,1232,0,0,2,0,3,1,0,2
161,412500,13688,2668,1,0,2,1,3,1,2,3
162,220000,12182,1541,0,0,2,0,3,1,1,2
163,103200,5500,882,0,0,1,0,1,1,0,0
164,152000,5400,1616,0,0,2,0,3,1,0,1
165,127500,10106,1355,1,0,2,0,4,2,0,0
166,190000,10708,1867,1,0,1,0,2,1,3,1
167,325624,10562,2161,1,0,1,1,3,1,1,3
168,183500,8244,1720,0,0,2,1,3,1,1,2
169,228000,16669,1707,0,0,2,1,2,1,1,2
170,128500,12358,1382,0,0,1,1,2,1,0,2
172,239000,5306,1767,1,0,2,0,2,1,1,2
173,163000,10197,1362,1,0,1,1,3,1,1,2
174,184000,12416,1651,1,0,2,0,3,1,1,2
175,243000,12615,2158,1,0,2,0,4,1,1,2
176,211000,10029,2060,0,1,2,1,4,1,1,2
177,172500,13650,1920,1,0,2,0,4,1,1,2
178,501837,17423,2234,1,0,2,0,1,1,1,3
179,100000,8520,968,0,0,1,0,2,1,0,2
180,177000,2117,1525,0,0,2,1,3,1,1,2
181,200100,7588,1802,0,0,1,1,4,1,1,1
182,120000,9060,1340,0,0,1,0,3,1,1,1
183,200000,11426,2082,0,0,2,1,3,1,0,2
184,127000,7438,1252,0,0,1,0,3,1,0,2
185,475000,22950,3608,0,0,2,1,4,1,2,3
186,173000,9947,1217,1,0,2,0,3,1,0,2
187,135000,10410,1656,0,0,2,1,3,1,0,1
188,153337,7018,1224,2,0,0,2,2,2,2,2
189,286000,4923,1593,1,0,1,1,0,1,1,2
190,315000,10570,2727,0,0,2,1,3,1,2,2
191,184000,7472,1479,1,0,1,1,4,1,0,2
192,192000,9017,1431,1,0,2,0,3,1,0,2
193,130000,2522,1709,0,0,2,0,3,1,0,2
194,127000,7180,864,0,0,1,0,3,1,0,1
195,148500,2280,1456,0,0,2,1,3,1,1,2
196,311872,9416,1726,1,0,2,0,3,1,1,3
197,235000,25419,3112,1,1,2,0,4,1,1,2
198,104000,5520,2229,0,0,1,0,5,1,0,0
199,274900,9591,1713,1,0,2,0,3,1,1,3
200,140000,8546,1121,0,0,2,0,2,1,0,2
201,171500,10125,1279,0,1,2,0,3,1,2,2
202,112000,7000,1310,0,0,2,0,2,1,0,1
203,149000,4438,848,1,0,1,0,1,1,1,2
204,110000,3500,1284,0,0,1,1,2,1,0,1
205,180500,11851,1442,0,0,2,0,3,1,0,2
206,143900,13673,1696,0,0,1,1,3,1,1,1
207,141000,12493,1100,1,0,1,0,3,1,1,1
208,277000,14364,2062,1,0,2,1,3,1,1,2
209,145000,8250,1092,1,0,1,0,3,1,0,2
210,98000,5604,864,1,0,1,0,2,1,0,0
211,186000,10420,1212,0,0,2,0,3,1,0,2
212,252678,8640,1852,1,0,2,1,3,1,1,2
213,156000,13568,990,0,1,1,0,3,1,0,2
214,161750,10900,1392,0,0,1,1,3,1,0,1
215,134450,10011,1236,0,1,1,0,2,1,1,1
216,210000,8450,1436,1,0,2,0,3,1,0,2
217,107000,9906,1328,0,0,1,0,3,1,0,1
218,311500,15660,1954,0,1,1,1,3,1,2,2
219,167240,3010,1248,0,0,2,0,2,1,0,2
220,204900,8990,1498,0,0,2,0,2,1,0,2
221,200000,8068,2267,0,0,2,1,4,1,1,2
222,179900,11475,1552,1,0,2,1,3,1,1,2
223,97000,10500,864,0,0,1,0,2,1,0,2
224,386250,13472,2392,0,0,2,0,3,1,1,3
225,112000,1680,1302,0,0,2,1,3,1,0,1
226,290000,9950,2520,0,0,2,1,4,1,1,3
227,106000,1869,987,0,0,1,1,2,1,0,1
228,125000,8521,912,0,0,1,0,3,1,1,1
229,192500,3182,1555,0,0,2,0,2,1,1,2
230,148000,8760,1194,1,0,1,0,3,1,0,1
231,403000,15138,2794,1,0,2,1,4,1,1,3
232,94500,1680,987,0,0,1,1,2,1,1,1
233,128200,10650,894,1,0,1,0,3,1,0,1
234,216500,7851,1960,1,0,2,1,4,1,2,2
235,89500,1680,987,0,0,1,1,2,1,0,1
236,185500,8773,1414,0,0,2,0,3,1,0,2
237,194500,9453,1744,0,0,2,1,3,1,0,2
238,318000,12030,1694,0,0,2,0,3,1,0,3
239,113000,8741,1487,0,0,1,1,3,1,1,1
240,262500,9000,1566,1,0,2,0,3,1,0,2
241,110500,3880,866,0,0,1,0,2,1,0,0
242,79000,5000,1440,0,0,1,0,3,1,0,1
243,120000,10762,1217,0,0,1,1,3,1,1,1
244,205000,8880,2110,1,0,2,1,3,1,2,2
245,241500,10400,1872,0,1,2,0,3,1,1,2
246,137000,9142,1928,0,0,2,0,4,2,0,1
247,140000,11310,1375,0,0,1,0,2,1,1,2
248,180000,11317,1668,0,0,2,1,3,1,0,2
250,76500,5350,1306,0,0,1,0,3,1,0,0
251,235000,4750,1625,1,1,2,0,2,1,1,2
252,173000,8366,1640,0,0,2,1,3,1,0,2
253,158000,9350,1302,0,1,2,0,3,1,0,1
254,145000,8400,1314,1,0,1,0,3,1,0,1
255,230000,8738,2291,0,0,2,1,4,1,1,2
256,207500,8791,1728,0,0,2,1,3,1,0,2
257,220000,8814,1604,1,0,2,1,3,1,1,2
258,231500,12435,1792,0,0,2,1,3,1,1,2
259,97000,12702,882,0,0,1,0,2,1,0,1
260,176000,19296,1382,1,0,1,0,3,1,1,2
261,276000,9588,2574,0,0,2,1,3,1,1,3
262,151000,8471,1212,1,0,1,0,3,1,1,2
263,130000,5500,1316,1,0,1,0,3,1,0,2
264,73000,5232,764,0,0,1,0,2,1,0,2
265,175500,12090,1422,0,0,2,0,3,1,1,2
266,185000,11207,1511,1,0,2,1,3,1,1,2
267,179500,8400,2192,0,0,2,1,4,1,1,1
268,120500,6900,778,0,0,1,0,2,1,1,1
269,148000,7917,1113,1,0,1,1,3,1,1,1
270,266000,10728,1939,0,0,2,1,3,1,1,3
272,290000,11764,2270,0,0,2,1,4,1,1,3
273,139000,9600,1632,1,0,2,0,3,1,1,1
274,124500,8314,816,0,0,1,0,2,1,0,1
275,205000,7264,1548,0,0,2,1,3,1,0,2
276,201000,9196,1560,0,0,2,0,3,1,0,2
277,141000,19138,864,0,0,1,0,2,1,0,2
278,415298,14450,2121,0,0,2,1,3,1,1,3
279,192000,10005,2022,0,0,2,1,4,1,1,2
280,228500,11287,1982,0,0,2,1,3,1,1,2
281,185000,7200,1262,0,0,2,0,2,1,0,2
282,207500,5063,1314,1,0,2,0,2,1,1,2
283,244600,9612,1468,0,0,2,0,3,1,1,3
284,179200,8012,1575,1,0,2,0,2,1,0,2
285,164700,4251,1250,0,0,2,1,2,1,0,2
286,159000,9786,1734,0,0,1,1,3,1,1,2
287,88000,8125,858,0,0,1,0,3,1,0,0
288,122000,9819,900,0,0,1,0,3,1,0,1
289,153575,8730,1396,0,0,1,0,3,1,0,1
290,233230,15611,1919,0,0,2,1,3,1,1,2
291,135900,5687,1716,1,0,2,0,6,1,0,0
292,131000,11409,1716,0,0,1,1,3,1,1,1
293,235000,16659,2263,1,0,2,1,3,1,1,2
294,167000,9600,1644,1,0,1,0,3,1,2,2
295,142500,7937,1003,1,0,1,0,3,1,0,2
296,152000,13710,1558,0,0,1,1,4,1,0,1
297,239000,7399,1950,0,0,2,1,3,1,1,2
298,175000,11700,1743,0,1,1,2,3,1,1,2
299,158500,14000,1152,0,1,1,0,3,1,1,1
300,157000,15750,1336,1,0,1,0,2,1,2,1
301,267000,16226,2452,0,0,2,1,4,1,1,2
302,205000,13704,1541,0,0,2,0,3,1,1,3
303,149900,9800,894,1,0,1,0,3,1,0,2
304,295000,18386,3493,0,0,3,0,3,1,1,3
305,305900,10386,2000,1,0,2,0,3,1,0,3
306,225000,13474,2243,1,0,2,1,4,1,1,3
307,89500,7920,1406,0,0,1,0,3,1,0,0
308,82500,12342,861,0,0,1,0,1,1,0,2
309,360000,12378,1944,1,0,2,0,3,1,3,3
310,165600,7685,1501,0,0,2,1,3,1,1,2
311,132000,8000,972,1,0,1,0,2,1,1,1
312,119900,7800,1118,1,0,1,0,3,1,1,2
314,178000,9600,1641,0,1,1,1,3,1,1,2
315,188500,7795,1432,1,0,2,1,3,1,1,2
316,260000,13005,2353,1,0,2,1,4,1,1,2
317,270000,9000,1959,0,0,2,1,3,1,1,3
318,260000,9900,2646,1,0,2,1,4,1,1,3
319,187500,14115,1472,1,0,2,0,3,1,2,2
320,342643,16259,2596,0,0,3,1,4,1,0,3
321,354000,12099,2468,1,0,2,1,4,1,1,3
322,301000,10380,2730,1,0,2,1,4,1,1,2
323,126175,5820,1163,1,0,1,0,3,1,0,1
324,242000,11275,2978,0,0,2,1,5,1,1,2
325,87000,5000,803,0,0,1,0,2,1,0,2
326,324000,10846,1719,2,0,1,1,1,1,2,2
327,145250,11600,1383,0,0,1,1,3,1,0,1
328,214500,11888,2134,0,0,2,0,5,1,0,2
329,78000,6402,1192,0,0,1,0,3,1,0,1
330,119000,10624,1728,0,1,2,0,6,2,0,1
331,139000,8176,1056,1,0,1,0,3,1,0,1
332,284000,10655,1629,1,0,2,0,3,1,1,3
333,207000,8198,1358,1,0,2,0,2,1,1,2
334,192000,9042,1638,1,0,2,1,3,1,2,2
336,377426,14157,1922,1,0,2,0,3,1,1,3
337,214000,9135,1536,1,0,2,0,3,1,0,2
338,202500,14145,1621,1,0,2,0,3,1,0,2
339,155000,12400,1215,0,0,1,0,3,1,0,1
340,202900,14191,1908,0,0,2,1,4,1,0,2
341,82000,8400,841,0,0,1,0,2,1,0,1
342,87500,8544,1040,0,0,2,0,2,2,0,2
343,266000,8849,1684,0,0,2,0,2,1,1,2
344,85000,2592,1112,0,0,1,1,3,1,0,1
345,140200,6435,1577,0,0,1,0,3,1,1,1
346,151500,12772,958,0,0,1,0,2,1,0,1
347,157500,17600,1478,1,0,2,0,3,1,2,2
348,154000,2448,1626,1,0,2,1,2,1,0,2
349,437154,20431,2728,1,0,2,1,4,1,2,3
350,318061,7820,1869,0,0,2,0,2,1,1,2
351,190000,5271,1453,1,0,1,1,2,1,1,2
352,95000,9084,1111,0,1,1,0,3,1,0,1
353,105900,8520,720,0,0,1,0,2,1,0,2
354,140000,8400,1595,0,0,1,0,2,1,2,1
355,177500,11249,1200,1,0,2,0,3,1,0,2
356,173000,9248,1167,1,0,2,0,3,1,0,2
357,134000,4224,1142,1,0,1,1,3,1,1,2
358,130000,6930,1352,0,1,1,0,3,1,0,1
359,280000,12011,1924,1,0,2,1,3,1,1,2
360,156000,7540,912,1,0,1,0,2,1,1,2
361,145000,9144,1505,1,0,1,0,3,1,0,1
362,198500,7301,1922,0,0,3,0,4,1,1,2
363,118000,1680,987,0,0,1,1,2,1,0,1
364,190000,18800,1574,1,0,2,1,3,1,1,2
365,147000,10690,1344,0,0,1,0,3,1,0,1
366,159000,9500,1394,1,0,1,1,3,1,2,2
367,165000,9150,1431,0,1,1,0,3,1,1,1
368,132000,7800,1268,0,0,1,0,2,1,1,1
369,162000,9830,1287,1,0,1,0,3,1,1,2
370,172400,8121,1664,0,0,2,1,3,1,1,2
371,134432,17120,1588,0,0,2,0,4,1,1,2
372,125000,7175,752,1,0,1,0,2,1,0,1
373,123000,10634,1319,1,0,1,0,3,1,0,1
374,219500,8200,1928,0,0,2,1,4,1,1,2
375,61000,10020,904,1,0,0,1,1,1,0,0
376,148000,8846,914,0,0,1,0,2,1,0,2
377,340000,11143,2466,0,0,3,0,4,1,1,2
378,394432,11394,1856,1,0,1,1,1,1,1,3
379,179000,8123,1800,0,0,2,1,3,1,1,2
380,127000,5000,1691,0,0,2,0,3,1,1,1
381,187750,7200,1301,1,0,2,0,2,1,1,2
382,213500,9245,1797,0,0,2,1,3,1,0,2
383,76000,9000,784,0,0,1,0,2,1,0,2
385,192000,3182,1269,0,0,2,0,2,1,1,2
386,81000,8410,1184,0,0,1,0,5,1,0,0
387,125000,7200,1125,1,0,1,0,3,1,1,1
388,191000,9382,1479,0,0,2,0,3,1,0,2
389,426000,12474,2332,1,0,2,1,3,1,1,3
390,119000,8405,1367,1,0,1,0,4,1,0,1
391,215000,12209,1961,1,0,2,1,3,1,1,2
392,106500,8339,882,0,0,1,0,3,1,0,1
393,100000,7446,788,0,0,1,0,2,1,2,0
394,109000,10134,1034,0,0,1,0,2,1,0,1
395,129000,9571,1144,1,0,1,0,3,1,0,1
396,123000,7200,894,0,0,1,0,2,1,0,2
397,169500,7590,1812,0,0,2,0,4,1,1,1
398,67000,8967,1077,0,0,1,0,2,1,0,1
399,241000,8125,1550,1,0,2,0,2,1,0,2
400,245500,14963,1288,1,0,1,1,1,1,2,2
401,164990,8767,1310,0,0,2,0,3,1,1,2
402,108000,10200,672,0,0,1,0,2,1,0,1
403,258000,12090,2263,0,0,2,1,4,1,1,2
404,168000,10364,1572,0,0,2,1,3,1,1,2
405,150000,9991,1620,1,0,2,0,3,1,1,2
406,115000,10480,1639,0,0,1,0,3,1,0,1
407,177000,15576,1680,0,0,2,0,4,1,0,1
408,280000,14154,2172,0,0,2,1,3,1,1,3
409,339750,10800,2078,1,0,2,1,3,1,1,3
410,60000,9571,1276,0,0,1,0,3,1,0,1
412,222000,4403,1478,1,0,2,1,2,1,1,2
413,115000,8960,1028,0,0,1,0,2,1,1,2
414,228000,11228,2097,0,1,2,1,3,1,1,3
415,181134,8899,1340,0,0,2,0,3,1,0,2
416,149500,7844,1400,0,0,1,1,3,1,1,2
417,239000,22420,2624,1,0,2,1,4,1,1,3
418,126000,8160,1134,1,0,1,1,3,1,0,1
419,142000,8450,1056,1,0,1,0,3,1,1,1
420,206300,7060,1344,2,0,2,0,2,2,0,4
421,215000,16635,1602,0,1,2,0,3,1,1,2
422,113000,21750,988,0,0,1,0,2,1,0,2
423,315000,9200,2630,1,0,2,1,4,1,1,3
424,139000,9000,1196,1,0,1,0,2,1,1,1
425,135000,3378,1389,0,0,1,1,3,1,2,1
426,275000,12800,1644,1,1,2,0,2,1,1,2
427,109008,8593,907,0,0,1,0,3,1,0,1
428,195400,6762,1208,1,0,2,0,2,1,0,2
429,175000,11457,1412,1,0,2,0,3,1,1,2
430,85400,1680,987,0,0,1,1,2,1,0,1
431,79900,5586,1198,0,0,1,0,4,1,0,0
432,122500,1920,1365,1,0,1,1,2,1,0,2
433,181000,10839,1604,0,0,2,1,3,1,1,2
434,81000,1890,630,1,0,1,0,1,1,0,0
435,212000,10667,1661,1,0,2,1,3,1,1,2
436,116000,4400,1118,0,0,1,0,2,1,0,2
437,119000,6000,904,0,0,1,0,2,1,0,1
438,90350,4280,694,0,0,1,0,2,1,1,1
439,110000,12354,1196,0,0,1,0,3,1,0,2
440,555000,15431,2402,1,0,2,0,2,1,2,3
441,118000,12108,1440,0,0,2,0,4,2,0,0
442,162900,6240,1573,0,0,2,0,3,1,1,2
443,172500,3922,1258,0,0,2,0,2,1,1,3
444,210000,8750,1908,1,0,2,1,4,1,1,2
445,127500,9855,1689,0,0,1,0,3,1,1,2
446,190000,16492,1888,0,0,2,1,2,1,1,2
447,199900,11214,1886,0,0,2,1,4,1,1,2
448,119500,8600,1376,0,0,2,0,3,1,1,1
449,120000,6000,1183,0,0,1,1,2,1,0,1
450,110000,5684,813,0,0,1,0,2,1,0,1
452,204000,9303,1756,1,0,2,1,3,1,0,2
453,210000,9000,1590,0,0,2,1,3,1,0,2
454,188000,9297,1728,2,0,2,0,4,2,0,2
455,175500,9600,1242,0,0,1,1,3,1,1,2
456,98000,4571,1344,0,0,1,0,4,1,0,3
458,161000,5100,1666,0,0,1,0,3,1,1,1
459,110000,7015,1203,1,0,1,0,3,1,1,1
460,263435,8004,1935,1,0,2,1,3,1,0,2
461,155000,7200,1135,1,0,1,0,3,1,0,2
462,62383,8281,864,0,0,1,0,3,1,1,1
463,188700,11988,1660,0,0,1,1,3,1,1,1
464,124000,8430,1040,0,0,2,0,3,1,0,0
465,178740,3072,1414,0,0,2,0,2,1,1,2
466,167000,10628,1277,1,0,1,0,2,1,1,2
467,146500,9480,1644,0,0,1,1,3,1,2,1
468,250000,11428,1634,0,0,2,0,3,1,1,3
469,187000,9291,1710,0,0,2,1,3,1,0,2
470,212000,6820,1502,1,0,1,1,1,1,0,2
471,190000,11952,1969,0,0,2,1,3,1,1,2
472,148000,3675,1072,1,0,1,0,2,1,0,2
473,440000,14977,1976,1,0,2,0,2,1,1,3
474,251000,5330,1652,1,0,2,0,2,1,0,2
475,132500,8480,970,1,0,1,0,2,1,0,2
476,208900,13125,1493,1,0,2,0,3,1,1,2
477,380000,13693,2643,0,0,2,1,3,1,1,3
478,297000,10637,1718,1,0,2,0,3,1,1,3
479,89471,5925,1131,0,0,1,0,2,1,0,2
480,326000,16033,1850,1,0,2,0,3,1,1,3
481,374000,11846,1792,1,0,2,0,2,1,1,3
482,155000,2500,1826,1,0,1,1,4,1,1,1
483,164000,4500,1216,1,0,2,0,2,1,0,2
484,132500,7758,999,1,0,1,0,3,1,0,1
485,147000,9600,1113,0,0,1,0,3,1,1,1
486,156000,10289,1073,1,0,1,1,3,1,0,2
487,175000,12243,1484,0,0,2,0,3,1,1,2
488,160000,10800,2414,0,0,2,0,3,2,1,2
489,86000,1526,630,1,0,1,0,1,1,0,1
490,115000,2665,1304,0,0,1,1,3,1,1,1
491,133000,9490,1578,1,0,1,0,3,1,2,1
492,172785,15578,1456,0,0,2,1,3,1,0,2
493,155000,7931,1269,0,0,1,1,3,1,1,1
494,91300,5784,886,0,0,1,0,2,1,0,1
495,34900,7879,720,0,0,1,0,2,1,0,0
496,430000,12692,3228,1,0,3,0,4,1,1,2
497,184000,9120,1820,1,0,2,0,4,1,0,1
498,130000,7800,899,0,0,1,0,3,1,0,1
499,120000,7535,912,0,1,1,0,2,1,0,1
500,113000,1890,1218,0,0,1,1,3,1,0,1
501,226700,9803,1768,0,0,2,1,3,1,0,2
502,140000,9170,1214,1,0,1,0,2,1,0,2
503,289000,15602,1801,1,0,2,0,1,1,2,2
504,147000,2308,1322,0,1,2,1,3,1,1,2
505,124500,7596,1960,0,0,2,0,4,2,0,2
506,215000,9554,1911,0,0,2,1,3,1,1,2
507,208300,7862,1218,0,0,2,0,2,1,0,2
508,161000,9600,1378,0,0,2,0,3,1,1,2
509,124500,9600,1041,1,0,1,0,3,1,0,1
510,164900,14559,1363,1,0,1,0,2,1,2,1
511,202665,6792,1368,0,0,2,0,2,1,1,2
512,129900,9100,864,1,0,1,0,3,1,0,2
513,134000,9187,1080,0,0,1,1,3,1,0,2
514,96500,10594,789,0,0,1,0,2,1,0,1
515,402861,12220,2020,1,0,2,1,3,1,1,3
516,158000,10448,2119,0,0,2,1,3,1,1,2
517,265000,10208,2344,0,0,2,1,3,1,1,3
518,211000,9531,1796,1,0,2,1,3,1,0,2
519,234000,10918,2080,0,0,1,1,3,1,2,1
520,106250,10800,1294,0,0,2,0,3,2,0,0
521,150000,11988,1244,0,0,1,1,3,1,2,1
522,159000,5000,1664,0,0,2,0,3,1,2,2
524,315750,11787,2398,1,0,2,1,3,1,1,3
525,176000,7500,1266,0,0,2,0,3,1,1,2
526,132000,13300,928,0,0,1,0,2,1,0,1
527,446261,14948,2713,1,0,2,1,3,1,1,3
528,86000,9098,605,1,0,1,0,2,1,0,0
530,175000,10200,1509,1,0,2,0,3,1,1,2
531,128000,6155,1362,0,0,2,0,3,1,0,2
532,107500,7200,827,0,0,1,0,2,1,1,1
533,39300,5000,334,0,0,1,0,1,1,0,0
534,178000,9056,1414,0,0,2,1,3,1,1,2
535,107500,7000,1347,1,0,1,0,3,1,0,0
536,188000,8924,1724,0,0,2,1,3,1,0,2
537,111250,12735,864,0,0,1,0,3,1,0,2
538,158000,11553,1159,0,0,1,1,3,1,1,1
539,272000,11423,1601,1,0,2,0,3,1,1,2
540,315000,14601,1838,1,0,2,0,2,1,1,3
541,248000,11000,2285,0,0,2,1,4,1,1,3
542,213250,10140,1680,1,0,2,0,3,1,1,2
543,133000,4058,767,1,0,1,0,1,1,0,1
544,179665,17104,1496,1,0,2,1,3,1,1,2
545,229000,13837,2183,0,0,2,1,4,1,0,3
546,210000,8737,1635,0,0,1,1,3,1,1,2
547,129500,7244,768,1,0,1,0,2,1,0,2
548,125000,8235,825,1,0,1,0,2,1,0,2
549,263000,9375,2094,0,0,2,1,4,1,1,2
550,140000,4043,1069,0,0,2,0,2,1,0,2
551,112500,6000,928,0,0,1,0,3,1,0,1
552,255500,11146,1717,0,0,2,0,3,1,1,3
553,108000,8777,1126,0,0,2,0,2,1,0,2
554,284000,10625,2046,1,0,2,1,3,1,1,3
555,113000,6380,1048,0,0,1,0,2,1,1,1
556,141000,14850,1092,1,0,1,0,2,1,1,1
557,108000,11040,1336,0,0,1,1,3,1,0,1
558,175000,21872,1446,0,1,2,1,3,1,1,2
559,234000,3196,1557,0,0,2,0,2,1,1,2
560,121500,11341,1392,1,0,1,1,3,1,1,2
561,170000,10010,1389,1,0,1,0,2,1,1,2
562,108000,13907,996,1,0,1,0,3,1,1,0
563,185000,21780,1674,0,0,2,0,4,1,1,2
564,268000,13346,2295,1,0,2,1,4,1,1,2
565,128000,6858,1647,1,0,1,1,4,1,0,1
566,325000,11198,2504,0,0,2,1,4,1,1,3
567,214000,10171,1535,0,0,2,0,3,1,0,2
568,316600,12327,2132,1,0,1,1,1,1,1,2
569,135960,7032,943,1,0,1,0,2,1,2,2
570,142600,13101,1728,0,0,2,0,6,2,0,2
571,120000,7332,864,1,0,1,0,2,1,0,1
572,224500,13159,1692,0,0,2,1,3,1,0,2
573,170000,9967,1430,0,0,2,1,3,1,1,2
574,139000,10500,1109,0,1,1,0,3,1,0,1
575,118500,8480,1216,0,0,1,0,2,1,0,1
576,145000,6292,1477,0,1,2,0,3,1,1,1
577,164500,11777,1320,1,0,1,0,3,1,2,2
578,146000,3604,1392,0,0,2,0,2,1,0,2
579,131500,12150,1795,0,0,2,0,4,1,0,1
580,181900,14585,1429,0,1,1,0,3,1,2,2
581,253293,12704,2042,0,0,2,1,3,1,1,3
582,118500,11841,816,1,0,1,0,3,1,0,0
583,325000,13500,2775,0,0,3,1,3,1,1,2
584,133000,6120,1573,0,0,1,0,3,1,0,1
585,369900,11443,2028,1,0,2,0,2,1,2,3
586,130000,10267,838,1,0,1,0,2,1,0,1
587,137000,8740,860,1,0,1,0,2,1,0,2
588,143000,25095,1473,2,0,1,0,1,1,2,1
589,79500,9100,935,0,0,1,0,2,1,0,1
590,185900,8320,1582,0,0,2,1,3,1,0,2
591,451950,13478,2296,1,0,2,1,3,1,1,3
592,138000,6600,816,1,0,1,0,2,1,0,2
593,140000,4435,848,1,0,1,0,1,1,0,2
594,110000,7990,924,0,0,1,0,3,1,0,1
595,319000,11302,1826,1,0,2,0,3,1,1,3
596,114504,3600,1368,0,0,1,0,3,1,0,1
597,194201,3922,1402,0,2,0,2,2,1,1,3
598,217500,12984,1647,1,0,2,0,3,1,1,2
599,151000,1950,1556,1,0,2,1,3,1,1,2
600,275000,10927,1904,1,0,2,1,3,1,1,2
601,141000,9000,1375,0,0,1,1,3,1,1,1
602,220000,10041,1915,1,0,2,1,3,1,1,2
603,151000,3182,1200,0,0,2,1,2,1,0,2
604,221000,12803,1494,1,0,2,0,3,1,1,2
605,205000,13600,1986,0,0,2,1,3,1,3,2
606,152000,12464,1040,1,0,1,0,3,1,0,2
607,225000,7800,2008,1,0,3,0,3,1,0,1
608,359100,12168,3194,0,0,2,1,4,1,2,2
609,118500,7943,1029,1,0,1,0,3,1,0,1
610,313000,11050,2153,1,0,2,1,3,1,2,3
611,148000,10395,1032,0,1,2,0,3,1,1,2
612,261500,11885,1872,1,0,2,1,3,1,1,2
613,147000,8402,1120,0,0,1,0,3,1,0,0
614,75500,1491,630,1,0,1,0,1,1,0,0
615,137500,8800,1054,1,0,1,0,3,1,0,2
616,183200,7861,1509,1,0,2,1,3,1,1,2
617,105500,7227,832,0,0,1,0,2,1,0,2
618,314813,11694,1828,0,0,2,0,3,1,1,3
619,305000,12244,2262,1,0,2,1,4,1,2,3
620,67000,8248,864,1,0,1,0,2,1,0,0
621,240000,10800,2614,0,0,2,1,4,1,1,2
622,135000,7064,980,0,0,1,0,3,1,0,2
623,168500,2117,1512,0,0,2,1,2,1,1,2
624,165150,10400,1790,1,0,1,2,4,1,1,2
625,160000,10000,1116,0,0,1,1,3,1,0,2
626,139900,12342,1422,0,0,1,0,3,1,1,1
627,153000,9600,1520,1,0,1,0,3,1,2,1
628,135000,11606,2080,0,1,1,2,5,1,2,2
629,168500,9020,1350,1,0,1,1,3,1,0,2
630,124000,9000,1750,0,0,1,0,3,1,0,1
631,209500,4590,1554,0,0,2,0,2,1,1,2
632,82500,11900,1411,0,0,2,0,3,1,1,2
633,139400,9250,1056,0,1,1,0,3,1,0,1
634,144000,6979,1056,2,0,0,0,0,2,0,2
635,200000,10896,3395,0,0,2,0,8,2,0,0
636,60000,6120,800,0,0,1,0,1,1,1,0
637,93000,6000,1387,0,0,2,0,3,2,0,1
638,85000,8777,796,0,0,1,0,2,1,0,0
639,264561,3982,1567,1,0,2,0,1,1,1,3
640,274000,12677,1518,0,0,1,1,1,1,1,2
641,226000,7050,1929,1,0,2,1,3,1,1,2
642,345000,13860,2704,1,0,2,1,4,1,3,2
643,152000,10793,1620,0,0,2,1,4,1,0,2
644,370878,9187,1766,1,0,2,1,2,1,1,3
645,143250,10530,981,1,0,1,1,3,1,0,2
646,98300,7200,1048,0,0,1,0,3,1,0,2
647,155000,10452,1094,0,0,1,0,3,1,2,2
648,155000,7700,1839,0,0,1,1,4,1,1,2
649,84500,1936,630,1,0,1,0,1,1,0,0
650,205950,8125,1665,0,0,2,1,3,1,0,2
651,108000,9084,1510,1,0,1,0,4,1,1,1
652,191000,8750,1716,0,0,2,1,2,1,1,2
653,135000,10320,1469,0,0,1,0,3,1,0,1
654,350000,10437,2113,1,0,2,1,2,1,1,3
655,88000,1680,1092,0,0,1,1,3,1,0,1
656,145500,10007,1053,1,0,1,1,3,1,0,1
657,149000,7200,1502,0,0,1,1,3,1,1,1
658,97500,17503,1458,0,1,1,0,3,1,1,1
659,167000,9937,1486,1,0,1,0,3,1,0,2
660,197900,12384,1935,0,0,2,1,3,1,1,2
662,110000,13560,1392,1,0,1,0,2,1,2,2
663,137500,10012,1181,1,0,2,0,3,1,0,2
664,423000,20896,2097,1,0,1,1,1,1,1,3
665,230500,11194,1936,0,0,2,1,3,1,1,2
666,129000,18450,2380,0,0,2,1,3,1,1,2
667,193500,8125,1679,1,0,2,0,3,1,1,2
668,168000,14175,1437,1,0,1,1,3,1,1,2
669,137500,11600,1180,0,0,1,0,2,1,1,1
670,173500,8633,1476,1,0,2,1,3,1,0,2
671,103600,6629,1369,1,0,2,0,3,1,0,1
672,165000,11250,1208,1,0,1,1,3,1,1,2
673,257500,14442,1839,1,0,2,0,3,1,2,2
674,140000,9200,1136,1,0,1,0,3,1,1,1
675,148500,2289,1441,0,0,2,1,3,1,1,2
676,87000,9600,1774,1,0,2,0,4,2,0,3
677,109500,9022,792,0,0,1,0,2,1,0,1
678,372500,11844,2046,0,0,2,1,3,1,1,3
679,128500,9945,988,1,0,1,0,3,1,0,2
680,143000,8012,923,0,0,2,0,2,1,1,1
681,159434,4500,1520,0,0,1,0,3,1,0,1
682,173000,2887,1291,1,0,1,0,2,1,1,2
683,285000,11248,1668,1,0,2,0,3,1,1,3
684,221000,16770,1839,0,0,2,1,4,1,0,2
685,207500,5062,2090,1,0,2,0,3,1,1,2
686,227875,10207,1761,0,0,3,0,3,1,0,2
687,148800,5105,1102,0,0,2,1,2,1,0,2
688,392000,8089,1419,1,0,2,0,2,1,1,2
689,194700,7577,1362,0,0,2,0,2,1,1,2
690,141000,4426,848,1,0,1,0,1,1,1,2
693,108480,5400,1073,0,0,1,0,2,1,0,1
694,141500,6120,1539,0,0,1,1,3,1,0,2
695,176000,13811,1137,1,0,2,0,2,1,1,2
696,89000,6000,616,0,0,1,0,2,1,0,1
697,123500,6420,1148,0,1,1,0,2,1,0,1
698,138500,8450,894,1,0,1,0,3,1,1,1
699,196000,4282,1391,0,0,2,0,2,1,0,2
700,312500,14331,1800,1,0,2,0,3,1,1,3
701,140000,9600,1164,0,0,1,1,3,1,0,2
702,361919,12438,2576,0,0,2,1,4,1,1,3
703,140000,7630,1812,0,0,2,0,4,2,1,2
704,213000,8400,1484,1,0,2,0,3,1,0,2
705,55000,5600,1092,0,0,2,0,3,2,0,0
707,254000,6240,1324,1,0,2,0,2,1,1,2
708,179540,9018,1456,0,0,2,1,3,1,1,2
709,109900,7162,904,0,0,1,0,3,1,0,1
710,52000,4130,729,0,0,1,0,2,1,0,0
711,102776,8712,1178,0,0,1,0,2,1,0,1
712,189000,4671,1228,1,0,2,0,2,1,1,2
713,129000,9873,960,1,0,1,0,3,1,0,2
714,130500,13517,1479,0,0,2,1,3,1,0,2
715,165000,10140,1350,0,0,2,0,3,1,1,2
716,159500,10800,2554,0,0,1,1,3,1,0,2
717,157000,10000,1178,0,1,1,1,3,1,1,2
718,341000,10542,2418,1,0,2,1,3,1,1,3
719,128500,9920,971,0,0,1,1,3,1,1,1
720,275000,6563,1742,1,0,2,0,2,1,1,2
721,143000,4426,848,1,0,1,0,1,1,0,2
722,124500,8120,864,0,0,1,0,3,1,0,2
723,135000,8172,1470,0,0,2,0,4,1,0,1
724,320000,13286,1698,1,0,2,0,3,1,1,3
725,120500,6960,864,0,0,1,0,3,1,0,2
726,222000,21695,1680,1,0,2,0,3,1,1,2
727,194500,7314,1232,1,0,2,0,2,1,0,2
728,110000,11475,1776,1,0,2,0,4,2,0,3
729,103000,6240,1208,0,0,1,0,2,1,0,2
730,236500,5389,1616,1,0,2,0,2,1,1,2
731,187500,9590,1146,1,0,2,0,3,1,1,2
732,222500,11404,2031,0,0,2,1,3,1,1,2
733,131400,10000,1144,1,0,1,0,3,1,1,1
734,108000,8978,948,0,0,1,0,3,1,0,1
735,163000,10800,1768,0,0,1,1,2,1,2,2
736,93500,8544,1040,0,0,2,0,2,2,0,2
737,239900,10463,1801,0,0,2,1,3,1,1,3
738,179000,10800,1200,3,0,3,0,3,1,0,0
739,190000,9313,1728,0,0,2,1,3,1,0,2
740,132000,9600,1432,0,0,2,0,2,1,0,2
741,142000,6768,912,1,1,1,0,3,1,0,1
742,179000,8450,1349,0,0,2,0,3,1,0,2
743,175000,12886,1464,0,1,2,0,3,1,1,2
744,180000,5395,1337,1,0,2,0,2,1,1,2
745,299800,8963,2715,0,1,3,1,4,1,2,2
746,236000,8795,2256,0,0,2,1,4,1,1,2
747,265979,11700,2640,0,0,1,1,4,1,1,4
748,260400,10593,1720,1,0,2,0,3,1,1,2
749,98000,8405,1529,0,0,2,0,4,1,0,1
750,96500,8800,1140,0,0,1,0,3,1,0,0
751,162000,7750,1320,0,0,2,1,3,1,0,2
752,217000,9236,1494,1,0,2,0,3,1,0,2
753,275500,10240,2098,0,0,2,1,3,1,1,3
754,156000,7930,1026,1,0,1,0,3,1,0,2
755,172500,3230,1471,0,0,2,1,3,1,0,2
756,212000,10769,1768,0,0,2,1,3,1,0,2
757,158900,11616,1386,0,0,2,1,3,1,1,2
758,179400,2280,1501,0,0,2,1,3,1,0,2
759,290000,12257,2531,0,0,2,1,4,1,1,3
760,127500,9100,864,0,0,1,0,2,1,0,1
761,100000,6911,1301,0,0,1,0,2,1,0,2
762,215200,8640,1547,0,0,2,1,3,1,0,2
763,337000,9430,2365,1,0,2,1,3,1,1,3
764,270000,9549,1494,1,0,1,1,2,1,1,2
765,264132,14587,1506,0,0,2,0,2,1,1,2
766,196500,10421,1714,0,0,2,1,3,1,1,2
767,160000,12508,1750,1,0,2,0,4,1,0,1
768,216837,9100,1836,0,0,2,0,3,1,1,2
770,134900,7252,858,1,0,1,0,2,1,0,2
771,102000,8877,1220,0,0,1,0,2,1,0,2
772,107000,7819,1117,1,0,1,0,3,1,1,2
773,114500,10150,912,0,0,1,0,2,1,0,1
774,395000,14226,1973,0,0,2,0,3,1,1,3
775,162000,4500,1204,1,0,2,0,2,1,0,2
776,221500,11210,1614,0,0,2,0,3,1,0,3
777,142500,13350,894,1,0,1,0,3,1,1,2
778,144000,8400,2020,0,0,2,0,4,2,2,2
779,135000,10530,1004,1,0,1,0,2,1,0,2
780,176000,7875,1253,0,0,2,0,3,1,1,2
781,175900,7153,1603,0,0,2,1,3,1,0,2
782,187100,16285,1430,0,0,2,0,3,1,0,2
783,165500,9101,1110,1,0,1,0,1,1,1,2
784,128000,6300,1484,0,0,2,0,3,1,1,0
785,161500,9790,1342,0,0,2,0,3,1,1,2
786,139000,10800,1652,1,0,2,0,4,1,0,1
787,233000,10142,2084,1,0,2,1,4,1,0,2
788,107900,6000,901,0,0,1,0,2,1,0,1
789,187500,12205,2087,0,0,2,1,5,1,0,2
790,160200,3182,1145,0,0,2,0,2,1,1,2
791,146800,11333,1062,1,0,1,0,3,1,2,2
792,269790,9920,2013,1,0,2,1,3,1,1,2
793,225000,9158,1496,0,0,2,0,3,1,0,2
794,194500,10832,1895,0,0,2,1,3,1,1,2
795,171000,8400,1564,0,0,2,1,3,1,1,2
796,143500,8197,1285,0,0,1,1,3,1,1,2
797,110000,7677,773,0,0,1,0,2,1,0,1
798,485000,13518,3140,0,0,3,1,4,1,2,3
799,175000,7200,1768,1,0,1,1,3,1,2,1
800,200000,12798,1688,1,0,2,1,4,1,0,2
801,109900,4800,1196,1,0,1,0,2,1,0,2
802,189000,8199,1456,1,0,2,1,3,1,1,2
803,582933,13891,2822,0,0,3,1,4,1,1,3
804,118000,9000,1128,0,0,1,0,2,1,0,1
805,227680,12274,1428,0,0,2,0,3,1,0,2
806,135500,9750,980,0,0,2,0,3,1,0,1
807,223500,21384,1576,2,0,1,1,3,1,1,2
808,159950,13400,1086,1,0,1,0,3,1,1,2
809,106000,8100,2138,0,0,2,0,2,3,0,2
810,181000,10140,1309,1,0,1,1,3,1,1,2
811,144500,4438,848,1,0,1,0,1,1,1,2
812,55993,8712,1044,0,0,1,0,2,1,0,2
813,157900,9750,1442,0,0,1,1,4,1,0,1
814,116000,8248,1250,0,1,1,1,3,1,0,1
815,224900,12137,1661,0,0,2,0,3,1,0,2
816,137000,11425,1008,0,0,1,0,2,1,1,1
817,271000,13265,1689,1,0,2,0,3,1,2,3
818,155000,8816,1052,1,0,1,0,3,1,0,2
819,224000,6371,1358,1,0,2,0,2,1,1,2
820,183000,7226,1640,0,0,2,1,3,1,0,2
821,93000,6000,936,0,0,1,0,2,1,0,2
822,225000,12394,1733,0,0,2,1,3,1,1,2
823,139500,9900,1489,0,0,2,0,3,1,1,1
824,232600,11216,1489,0,0,2,0,3,1,1,2
825,385000,14803,2084,1,0,2,0,2,1,1,3
826,109500,6130,784,1,0,1,0,2,1,0,0
827,189000,8529,1434,0,0,2,0,3,1,1,2
829,147400,2544,1223,0,0,2,1,2,1,0,2
830,166000,11900,1392,1,0,1,1,3,1,2,2
831,151000,3180,1200,0,0,2,1,2,1,0,2
832,237000,9548,1829,1,0,2,1,3,1,1,2
833,167000,10004,1516,0,0,1,1,3,1,0,2
834,139950,7875,1144,1,0,1,0,3,1,0,2
835,128000,9600,1067,0,0,2,0,2,1,0,2
836,153500,8100,1559,1,0,1,0,2,1,0,2
837,100000,1680,987,1,0,1,1,2,1,0,1
838,144000,9525,1099,0,0,1,1,3,1,0,1
839,130500,11767,1200,0,0,1,0,3,1,0,1
840,140000,12155,1482,0,0,2,0,4,1,0,1
841,157500,10440,1539,0,0,2,0,3,1,1,2
842,174900,9020,1165,1,0,1,1,3,1,0,2
843,141000,8000,1800,0,0,2,0,6,2,0,0
844,153900,12665,1416,0,0,1,1,4,1,1,3
845,171000,16647,1701,1,0,2,0,3,1,2,2
846,213000,9317,1775,1,0,2,1,3,1,1,2
847,133500,15523,864,1,0,1,0,3,1,1,1
849,187000,9600,1855,0,0,2,1,3,1,1,2
850,131500,4435,848,1,0,1,0,1,1,0,2
851,215000,3196,1456,0,0,2,0,2,1,1,2
852,164000,7128,1646,0,0,2,0,4,1,2,1
853,158000,12095,1445,0,0,1,1,3,1,1,2
854,170000,17920,1779,1,0,1,1,3,1,1,2
855,127000,6897,1040,1,0,1,1,3,1,0,1
856,147000,10970,1026,1,0,1,0,3,1,0,2
857,174000,8125,1481,0,0,2,1,3,1,1,2
858,152000,10400,1370,0,0,2,0,3,1,1,2
859,250000,11029,2654,1,0,2,1,4,1,1,2
860,189950,7642,1426,0,0,1,1,3,1,1,1
861,131500,11625,1039,1,0,1,1,3,1,0,2
862,152000,9672,1097,0,0,2,0,3,1,0,2
863,132500,7931,1148,1,0,1,0,3,1,0,1
864,250580,8640,1372,0,0,2,0,3,1,0,2
865,148500,8750,1002,1,0,1,0,3,1,0,2
866,248900,10656,1646,0,0,2,0,3,1,1,3
867,129000,6970,1120,1,0,1,1,3,1,0,2
868,169000,14762,2320,0,0,2,0,2,1,1,2
869,236000,9938,1949,1,0,2,1,3,1,1,2
870,109500,6600,894,0,0,1,0,2,1,0,1
871,200500,8750,1682,0,0,2,1,3,1,0,2
872,116000,8892,910,0,0,1,0,3,1,0,2
873,133000,12144,1268,0,0,1,0,3,1,1,1
874,66500,5720,1131,0,0,1,1,3,1,0,1
875,303477,9000,2610,0,0,2,1,4,1,1,2
876,132250,25286,1040,1,0,1,0,3,1,0,2
877,350000,8834,2224,1,0,2,1,4,1,1,3
878,148000,11782,1155,1,0,1,0,3,1,0,2
879,136500,7000,864,1,0,1,0,3,1,0,1
880,157000,7024,1090,1,0,1,1,2,1,0,2
881,187500,13758,1717,0,0,2,1,3,1,1,2
882,178000,9636,1593,0,0,2,1,3,1,1,2
883,118500,6204,2230,1,0,1,0,5,1,0,1
884,100000,7150,892,0,0,1,0,3,1,0,1
885,328900,5119,1709,1,0,2,0,2,1,1,2
886,145000,8393,1712,0,0,2,0,4,2,0,2
887,135500,16466,1393,0,0,1,1,3,1,0,1
888,268000,15865,2217,1,0,2,0,4,1,1,2
889,149500,12160,1505,1,0,1,0,2,1,1,2
890,122900,8064,924,0,0,1,0,3,1,1,2
891,172500,11184,1683,0,0,2,1,3,1,1,2
892,154500,8414,1068,0,1,1,0,3,1,0,1
893,165000,13284,1383,1,0,1,0,3,1,1,1
894,118858,7018,1535,0,0,2,0,4,2,0,2
895,140000,7056,1796,1,0,1,1,4,1,1,2
896,106500,8765,951,0,0,1,0,2,1,0,1
897,142953,7018,2240,0,0,2,0,6,2,0,2
898,611657,12919,2364,1,0,2,1,2,1,2,3
899,135000,6993,1236,0,0,1,0,3,1,1,1
900,110000,7340,858,0,0,1,0,2,1,0,1
901,153000,8712,1306,1,0,1,0,2,1,0,1
902,180000,7875,1509,0,0,2,1,3,1,1,2
903,240000,14859,1670,0,0,2,0,3,1,1,3
904,125500,6173,902,0,0,1,0,3,1,0,1
905,128000,9920,1063,1,0,1,0,3,1,0,1
906,255000,13501,1636,1,0,2,0,3,1,1,3
907,250000,11500,2057,0,0,1,1,3,1,1,1
908,131000,8885,902,1,0,1,0,2,1,0,2
909,174000,12589,1484,0,0,2,1,3,1,1,2
910,154300,11600,2274,0,0,2,0,5,2,0,2
911,143500,9286,1268,0,0,1,1,3,1,0,1
912,88000,6120,1015,0,0,1,0,3,1,0,1
913,145000,6270,2002,0,0,2,0,4,2,0,3
914,173733,3000,1224,0,0,2,1,2,1,0,2
915,75000,2001,1092,0,0,1,1,3,1,0,1
916,35311,9000,480,1,0,0,0,1,1,0,1
917,135000,17140,1229,0,0,1,0,3,1,0,1
918,238000,13125,2127,1,0,2,1,4,1,1,3
919,176500,11029,1414,1,0,1,0,3,1,1,2
920,201000,8462,1721,0,1,2,1,3,1,0,2
921,145900,8777,2200,2,0,2,2,4,2,0,0
922,169990,10237,1316,0,0,2,0,3,1,1,2
923,193000,8012,1617,1,0,2,0,2,1,1,2
924,207500,10240,1686,1,0,2,0,3,1,1,2
925,175000,15611,1126,0,1,2,0,3,1,0,2
926,285000,11999,2374,0,0,2,1,4,1,1,3
927,176000,9900,1978,0,0,2,1,4,1,1,2
928,236500,11838,1788,0,0,2,0,3,1,1,2
929,222000,13006,2236,0,0,2,1,4,1,1,2
930,201000,8925,1466,0,0,2,0,3,1,0,3
931,117500,9100,925,0,1,1,0,2,1,0,1
932,320000,11670,1905,0,0,2,0,3,1,1,3
933,190000,8487,1500,0,0,2,0,3,1,0,2
935,79900,5825,747,0,0,1,0,1,1,0,2
936,184900,10083,1200,1,0,2,0,2,1,0,2
937,253000,9675,1971,0,0,2,1,3,1,1,2
938,239799,8760,1962,0,0,2,1,3,1,0,3
939,244400,24090,2403,0,0,2,0,4,1,2,1
940,150900,12640,1728,0,0,2,0,4,2,0,2
941,214000,8755,2060,1,0,2,1,3,1,1,2
942,150000,7711,1440,2,0,2,0,4,2,0,0
943,143000,25000,1632,0,0,2,0,4,2,0,2
944,137500,14375,1344,0,1,1,0,3,1,1,2
945,124900,8820,1869,0,0,1,0,2,1,0,2
946,143000,8163,1144,1,0,1,0,3,1,1,1
947,270000,14536,1629,1,0,2,0,3,1,1,3
948,192500,14006,1776,0,0,2,1,3,1,1,2
949,197500,9360,1381,1,0,1,1,3,1,1,2
950,129000,7200,864,1,0,1,0,3,1,0,2
951,119900,7800,965,1,0,1,0,3,1,0,1
952,133900,7200,768,0,1,1,0,2,1,0,1
953,172000,11075,1968,0,1,2,1,4,1,1,2
954,127500,9400,980,0,2,2,0,4,0,0,0
955,145000,7136,1958,0,0,2,0,4,2,0,2
956,124000,1300,1229,0,0,1,1,2,1,1,2
957,132000,7420,1057,0,0,1,0,3,1,0,2
958,185000,8450,1337,1,0,2,0,3,1,0,2
959,155000,2572,1416,1,0,2,1,3,1,0,2
960,116500,7207,858,1,0,1,0,2,1,0,0
961,272000,12227,2872,1,0,2,1,4,1,1,2
962,155000,2308,1548,1,0,2,1,3,1,1,2
963,239000,11923,1800,0,0,2,0,2,1,0,2
964,214900,11316,1894,1,0,2,1,4,1,1,2
965,178900,10237,1484,0,0,2,1,3,1,1,2
966,160000,9600,1308,1,0,1,1,2,1,2,1
967,135000,7390,1098,1,0,1,0,3,1,0,1
968,37900,5925,968,0,0,1,0,2,1,0,0
969,140000,10382,1095,1,0,1,0,2,1,0,1
970,135000,10800,1192,0,0,1,1,4,1,0,0
971,173000,2268,1626,0,0,2,0,2,1,0,2
972,99500,7892,918,0,0,2,0,2,1,1,1
973,182000,11639,1428,0,0,2,0,3,1,0,2
974,167500,11414,2019,0,0,1,0,3,1,0,2
975,165000,2651,1382,1,0,2,1,3,1,0,2
976,85500,5900,869,0,0,1,0,2,1,0,0
977,199900,4274,1241,1,0,1,1,1,1,0,2
978,110000,9450,894,0,0,1,0,3,1,0,2
979,139000,8816,1121,1,0,1,0,3,1,0,2
980,178400,12122,999,1,0,1,0,3,1,0,2
981,336000,12203,2612,1,0,2,1,4,1,1,3
982,159895,3182,1266,0,0,2,0,2,1,1,2
983,255900,11250,2290,0,0,2,1,4,1,1,2
984,126000,10125,1734,0,0,2,0,4,2,0,2
985,125000,10880,1164,1,0,1,0,3,1,0,1
986,117000,5310,1635,0,0,1,0,2,1,0,1
987,395192,10159,1940,1,0,2,1,3,1,1,3
988,195000,12046,2030,0,0,2,1,4,1,1,2
989,197000,8125,1576,0,0,2,1,3,1,0,2
990,348000,9452,2392,1,0,2,1,3,1,1,3
991,168000,17671,1742,0,0,1,1,4,1,1,2
992,187000,9760,1851,0,0,2,1,3,1,1,2
993,173900,8846,1500,0,0,2,1,3,1,0,2
994,337500,12456,1718,1,0,2,0,3,1,1,3
995,121600,4712,1230,1,0,1,1,3,1,0,1
996,136500,10659,1050,1,0,1,0,3,1,0,1
997,185000,11717,1442,0,0,2,0,2,1,1,2
998,91000,9786,1077,0,0,1,0,3,1,1,1
999,206000,6762,1208,1,0,2,0,2,1,0,2
1000,82000,10206,944,0,0,1,0,2,1,0,2
1001,86000,5400,691,0,0,1,0,2,1,0,1
1002,232000,11957,1574,0,0,2,0,3,1,1,3
1003,136905,11500,1680,0,0,2,0,4,2,0,2
1004,181000,3182,1504,0,0,2,0,1,1,1,2
1005,149900,8385,985,0,0,2,0,3,1,0,1
1006,163500,12155,1657,0,1,2,0,3,1,1,2
1007,88000,2217,1092,0,0,1,1,3,1,0,1
1008,240000,12118,1710,0,0,2,0,3,1,1,2
1009,102000,6000,1522,0,0,2,0,4,1,0,0
1010,135000,21286,1271,0,0,2,0,4,1,1,1
1011,100000,9825,1664,0,0,2,0,4,2,0,0
1012,165000,10592,1502,0,0,1,1,3,1,2,1
1013,85000,7200,1022,1,0,1,0,2,1,0,1
1014,119200,11664,1082,0,0,1,0,2,1,1,1
1015,227000,8400,1665,1,0,2,1,3,1,0,2
1016,203000,11883,1504,1,0,2,0,3,1,1,2
1017,187500,5814,1360,1,0,1,0,1,1,1,2
1018,160000,10784,1472,0,0,2,1,3,1,1,2
1019,213490,3013,1506,0,0,2,0,2,1,1,2
1020,176000,7024,1132,1,0,1,1,2,1,0,2
1021,194000,7406,1220,1,0,2,0,2,1,0,2
1022,87000,9439,1248,0,0,1,0,2,1,0,1
1023,191000,3182,1504,0,0,2,0,2,1,1,2
1024,287000,15498,2898,1,0,2,0,2,1,1,2
1025,112500,7700,882,1,0,1,0,3,1,0,2
1026,167500,9300,1264,1,0,1,0,3,1,2,2
1027,293077,9520,1646,1,0,2,0,3,1,1,3
1028,105000,9492,1376,1,0,1,0,3,1,1,1
1029,118000,1680,1218,0,1,1,1,3,1,0,1
1030,160000,7082,1928,0,0,2,0,5,2,0,0
1031,197000,15863,3082,1,0,2,1,5,1,2,2
1032,310000,14541,2520,1,0,2,1,5,1,1,3
1033,230000,8125,1654,1,0,2,0,3,1,0,3
1034,119750,6305,954,0,0,1,0,2,1,1,1
1035,84000,11500,845,0,0,1,0,3,1,0,1
1036,315500,12898,1620,1,0,2,0,2,1,1,3
1037,287000,9240,2263,0,0,2,1,3,1,1,2
1038,97000,1533,1344,0,0,1,1,3,1,1,0
1039,80000,1477,630,1,0,1,0,1,1,0,1
1040,155000,13125,1803,1,0,2,0,3,1,1,2
1041,173000,9130,1632,0,1,1,1,4,1,0,2
1042,196000,5381,1306,1,0,2,0,1,1,1,2
1043,262280,11839,2329,1,0,2,1,4,1,1,2
1044,278000,9600,2524,1,0,2,1,4,1,1,2
1045,139600,13680,1733,0,0,2,0,4,1,1,2
1046,556581,16056,2868,0,0,3,1,4,1,1,3
1047,145000,9245,990,0,1,1,0,3,1,0,2
1048,115000,21750,1771,0,0,1,0,3,1,1,2
1049,84900,11100,930,0,0,1,0,2,1,0,1
1050,176485,8993,1302,0,0,2,0,3,1,0,2
1051,200141,11175,1316,0,0,2,0,3,1,1,2
1052,165000,9500,1977,0,1,1,1,4,1,1,2
1053,144500,8562,1526,0,0,1,0,4,1,1,1
1054,255000,11367,1989,1,0,2,1,3,1,1,2
1055,180000,11361,1523,0,1,2,0,3,1,1,2
1056,185850,7052,1364,1,0,2,0,2,1,1,2
1058,335000,11308,2184,1,0,2,1,3,1,1,3
1059,220000,11275,1991,0,0,1,1,3,1,1,2
1060,213500,4920,1338,1,0,2,0,2,1,0,2
1061,81000,18000,894,0,0,1,0,2,1,0,3
1062,90000,13600,2337,0,0,2,0,5,2,0,2
1063,110500,6000,1103,0,0,1,0,2,1,1,2
1064,154000,11000,1154,0,0,1,1,3,1,1,2
1065,328000,14000,2260,1,0,2,1,3,1,0,2
1066,178000,7837,1571,0,0,2,1,3,1,1,2
1067,167900,9760,1611,1,0,1,1,4,1,0,2
1068,151400,3964,2521,1,0,2,1,5,1,1,2
1069,135000,9600,893,0,1,1,0,2,1,0,2
1070,135000,10152,1048,1,0,1,0,3,1,0,1
1071,154000,11700,1556,0,0,1,1,4,1,0,2
1072,91500,7585,1456,1,1,1,0,4,1,1,1
1073,159500,7950,1426,0,0,1,1,3,1,0,2
1074,194000,8556,1240,0,0,2,0,2,1,0,3
1075,219500,13125,1740,0,0,1,1,3,1,2,1
1076,170000,10800,1466,0,1,2,0,3,1,1,2
1077,138800,15870,1096,1,0,1,0,3,1,0,1
1078,155900,4435,848,1,0,1,0,1,1,1,2
1079,126000,8775,990,0,0,1,0,3,1,0,1
1080,145000,11040,1258,0,1,2,0,3,1,0,2
1081,133000,7500,1040,1,0,1,1,3,1,0,1
1082,192000,8749,1459,0,0,2,0,3,1,1,2
1083,160000,8800,1251,1,0,1,0,3,1,2,1
1084,187500,13031,1498,0,0,2,1,3,1,1,2
1085,147000,9069,996,1,0,1,0,2,1,0,2
1086,83500,1974,1092,0,0,1,1,3,1,0,1
1087,252000,10574,1953,0,0,2,1,3,1,1,3
1088,137500,2522,1709,0,0,2,0,3,1,0,2
1089,197000,3316,1247,1,0,1,1,1,1,1,2
1090,92900,8544,1040,0,0,2,0,2,2,0,2
1091,160000,2160,1252,1,0,2,1,2,1,0,2
1092,136500,8400,1694,0,0,2,0,4,1,1,2
1093,146000,9230,1200,1,0,1,1,1,1,0,2
1094,129000,5868,936,1,0,1,0,2,1,0,1
1095,176432,9317,1314,0,0,2,0,3,1,1,2
1096,127000,6882,1355,0,0,1,1,3,1,0,0
1097,170000,3696,1088,0,0,1,1,2,1,0,2
1098,128000,6000,1324,0,0,1,0,3,1,0,1
1099,157000,11880,1601,0,0,2,0,3,1,1,2
1100,60000,8400,438,0,0,1,0,1,1,0,1
1101,119500,9758,950,0,0,1,0,3,1,0,1
1102,135000,7000,1134,0,0,1,0,2,1,0,1
1103,159500,8910,1194,0,1,1,0,3,1,1,2
1104,106000,2016,1302,0,0,2,1,3,1,0,2
1105,325000,12256,2622,1,0,2,1,3,1,2,2
1106,179900,10357,1442,1,0,2,0,3,1,1,2
1107,274725,23257,2021,0,0,2,1,3,1,1,2
1108,181000,8063,1690,0,0,2,1,3,1,1,2
1109,280000,11362,1836,1,0,2,0,3,1,1,3
1110,188000,8000,1658,1,0,2,1,3,1,1,2
1111,205000,10480,1964,0,0,2,1,4,1,1,2
1112,129900,7100,816,1,0,1,0,2,1,0,1
1113,134500,8923,1008,1,0,1,0,2,1,0,1
1114,117000,5400,833,0,0,1,0,2,1,0,1
1115,318000,12085,1734,1,0,2,0,3,1,1,3
1116,184100,7750,1419,1,0,2,1,3,1,1,2
1117,130000,9764,894,1,0,1,0,3,1,0,2
1118,140000,13825,1601,0,1,1,0,3,1,0,1
1119,133700,7560,1040,0,0,1,0,3,1,0,1
1120,118400,8263,1012,0,0,1,0,2,1,1,1
1121,212900,10084,1552,0,0,2,0,3,1,0,3
1122,112000,8926,960,0,0,1,0,3,1,0,1
1123,118000,9405,698,0,1,1,0,2,1,0,0
1124,163900,9125,1482,0,0,2,1,3,1,1,2
1125,115000,10434,1005,0,0,1,0,2,1,1,2
1126,174000,3684,1555,0,0,2,0,2,1,1,3
1127,259000,14572,1530,1,0,2,0,3,1,1,3
1128,215000,11796,1959,0,0,2,1,4,1,1,2
1129,140000,7200,936,1,0,1,0,2,1,0,2
1130,135000,7804,1981,1,0,2,0,4,1,2,2
1131,93500,10712,974,0,0,1,0,3,1,0,0
1132,117500,9900,2210,0,0,2,0,5,1,0,1
1133,239500,9828,2020,0,0,2,1,3,1,1,2
1134,169000,8773,1600,0,0,2,1,3,1,1,2
1135,102000,6180,986,0,0,1,0,2,1,1,1
1136,119000,9600,1252,0,0,1,0,3,1,0,1
1137,94000,6342,1020,0,0,1,0,2,1,0,0
1138,196000,9819,1567,1,0,2,0,2,1,2,2
1139,144000,8731,1167,0,0,1,0,3,1,1,2
1140,139000,7350,952,1,0,1,0,2,1,0,2
1141,197500,10304,1868,1,0,2,1,4,1,1,2
1142,424870,9965,2828,1,0,3,0,4,1,1,3
1143,80000,9000,1006,0,0,1,0,3,1,0,0
1144,80000,12180,924,1,0,1,0,2,1,0,1
1145,149000,6240,1576,0,0,1,0,3,1,1,1
1146,180000,11200,1298,1,0,2,0,3,1,1,2
1147,174500,12000,1564,0,0,1,1,3,1,1,1
1148,116900,5700,1111,0,0,1,0,2,1,1,1
1149,143000,9000,1482,0,1,1,0,3,1,0,2
1150,124000,8280,932,0,0,1,0,2,1,1,1
1151,149900,17755,1466,0,0,1,1,3,1,2,2
1152,230000,14115,1811,0,0,1,0,2,1,1,2
1153,120500,5890,816,0,0,1,0,2,1,0,1
1154,201800,13700,1820,0,0,1,2,4,1,2,2
1155,218000,10768,1437,1,0,2,0,3,1,1,2
1156,179900,9350,1265,0,1,2,0,3,1,1,2
1157,230000,5001,1314,1,0,2,0,2,1,1,2
1158,235128,11932,1580,0,0,2,0,3,1,0,3
1159,185000,9120,1876,0,0,2,1,4,1,1,2
1160,146000,2280,1456,0,0,2,1,3,1,1,2
1161,224000,14778,1640,1,0,1,0,3,1,1,2
1162,129000,8724,894,0,0,1,0,3,1,1,2
1163,108959,12900,1258,2,0,0,2,0,2,0,2
1164,194000,16157,1432,1,0,1,1,2,1,1,2
1165,233170,9541,1502,0,0,2,0,3,1,0,2
1166,245350,10475,1694,0,0,2,0,3,1,0,3
1167,173000,10852,1671,1,0,2,1,3,1,1,2
1168,235000,13728,2108,0,0,2,0,4,1,2,2
1170,171000,9880,1118,1,0,1,0,3,1,1,1
1171,163000,9120,1261,1,0,1,0,3,1,1,2
1172,171900,4017,1250,0,0,2,1,2,1,0,2
1173,200500,18030,3086,0,0,3,0,3,1,1,0
1174,239000,16560,2345,0,0,2,1,4,1,1,2
1175,285000,10678,2872,0,0,2,1,4,1,1,2
1176,119500,6951,923,1,0,1,0,3,1,0,1
1177,115000,3950,1224,0,0,1,0,3,1,0,1
1178,154900,7681,1343,0,0,1,1,3,1,1,1
1179,93000,8335,1124,0,0,1,0,3,1,1,0
1180,250000,11170,2514,0,0,2,1,4,1,0,2
1181,392500,5587,1652,1,1,2,0,2,1,1,2
1183,120000,10800,1130,1,0,1,0,2,1,1,2
1185,104900,9738,1221,1,0,1,0,4,1,0,1
1186,95000,10615,1699,1,0,2,0,3,2,0,2
1187,262000,12461,1624,1,0,2,0,2,1,1,3
1188,195000,8935,1660,0,0,2,1,3,1,0,2
1189,189000,7500,1804,0,0,2,1,3,1,1,2
1191,174000,2645,1441,0,0,2,1,2,1,0,2
1192,125000,9600,1472,0,0,1,0,3,1,0,1
1193,165000,4500,1224,1,0,2,0,2,1,0,2
1194,158000,9364,1352,0,0,1,1,4,1,0,1
1195,176000,8029,1456,0,0,2,1,3,1,0,2
1196,219210,14054,1863,0,0,2,1,4,1,1,3
1197,144000,8850,1690,0,0,1,0,3,1,1,1
1198,178000,9100,1212,0,0,2,0,3,1,0,2
1199,148000,11235,1382,0,0,1,1,3,1,1,2
1200,116050,9353,864,0,0,1,0,3,1,0,1
1201,197900,10400,1779,0,0,2,1,3,1,0,2
1202,117000,6000,1348,1,0,1,0,3,1,1,1
1203,213000,9750,1630,0,0,2,0,3,1,1,2
1204,153500,10140,1074,1,0,1,1,3,1,0,2
1205,271900,14684,2196,0,0,2,0,3,1,1,3
1206,107000,8900,1056,1,0,1,0,2,1,0,1
1207,200000,9135,1700,1,0,2,0,3,1,0,2
1208,140000,7763,1283,1,0,1,0,3,1,0,2
1209,290000,10182,1660,1,0,2,0,3,1,1,2
1210,189000,11218,1845,0,0,2,1,3,1,1,2
1211,164000,12134,1752,0,0,2,0,4,1,0,2
1212,113000,9340,672,1,0,1,0,2,1,0,1
1213,145000,10246,960,1,1,0,0,0,1,0,1
1214,134500,10205,999,1,0,1,0,3,1,0,1
1215,125000,7094,894,0,0,1,0,3,1,0,1
1216,112000,8930,1902,0,0,2,0,4,2,0,2
1217,229456,8640,1314,1,0,2,0,3,1,0,2
1218,80500,6240,912,0,0,1,0,2,1,0,0
1219,91500,1680,1218,0,0,1,1,3,1,0,0
1220,115000,7800,912,0,0,1,0,2,1,0,1
1221,134000,8250,1211,0,0,1,0,3,1,1,1
1222,143000,10496,1846,0,0,2,0,3,1,1,1
1223,137900,10680,2136,0,0,2,0,4,1,0,2
1224,184000,15384,1490,1,0,2,1,3,1,1,2
1225,145000,10482,1138,0,1,1,0,3,1,0,1
1226,214000,14598,1933,0,0,2,1,4,1,1,3
1227,147000,8872,912,1,0,1,0,2,1,0,2
1228,367294,8769,1702,1,0,1,1,1,1,1,3
1229,127000,7910,1507,0,0,2,0,4,1,0,1
1230,190000,18890,2620,0,0,2,2,4,2,1,2
1231,132500,7728,1190,1,0,1,0,3,1,0,2
1232,101800,9842,1224,0,0,2,0,2,2,0,2
1233,142000,12160,1188,1,0,1,0,3,1,0,2
1234,130000,8525,1964,0,0,1,1,4,1,0,0
1235,138887,13132,1784,0,0,1,1,4,1,0,1
1236,175500,2628,1626,0,0,2,1,2,1,0,2
1237,195000,12393,1948,0,0,2,1,4,1,1,2
1238,142500,13072,1141,0,0,1,1,3,1,0,2
1239,265900,9037,1484,0,0,2,0,2,1,1,2
1240,224900,8158,1768,1,0,2,1,3,1,0,2
1241,248328,9849,1689,0,0,2,0,3,1,0,3
1242,170000,10625,1173,1,0,2,0,3,1,2,2
1243,465000,13891,2076,1,0,2,1,2,1,1,3
1244,230000,11435,1517,0,0,1,0,3,1,2,2
1245,178000,12090,1868,0,0,3,1,3,1,1,2
1246,186500,8125,1553,0,0,2,1,3,1,0,2
1247,169900,12328,1034,1,0,1,0,3,1,0,3
1248,129500,9600,2058,0,0,1,1,3,1,1,2
1249,119000,7200,988,0,0,1,0,3,1,0,1
1250,244000,11160,2110,1,0,2,1,3,1,2,2
1251,171750,3136,1405,0,0,2,0,2,1,1,2
1252,130000,9858,874,1,0,1,0,3,1,0,1
1253,294000,17542,2167,1,0,2,1,3,1,2,2
1254,165400,6931,1656,0,0,2,1,3,1,1,2
1255,127500,6240,1367,0,0,1,0,3,1,1,1
1256,301500,14303,1987,1,0,2,0,2,1,1,2
1257,99900,4060,864,0,0,1,0,2,1,0,0
1258,190000,9587,1166,1,0,2,0,2,1,0,2
1259,151000,9750,1054,1,0,1,1,3,1,0,2
1260,181000,24682,1675,0,0,2,1,3,1,1,2
1261,128900,9600,1050,0,0,1,0,2,1,0,1
1262,161500,11250,1788,1,0,1,0,5,1,2,1
1263,180500,13515,1824,0,0,1,0,3,1,1,2
1264,181000,4060,1337,1,0,2,0,2,1,0,2
1265,183900,3735,1452,1,0,2,1,3,1,0,2
1266,122000,10120,1889,0,0,1,1,4,2,1,1
1267,378500,13214,2018,0,0,2,0,3,1,1,3
1268,381000,14100,3447,0,0,3,1,4,1,2,3
1269,144000,11344,1524,0,0,1,1,3,1,0,1
1270,260000,23595,1524,2,0,0,1,0,1,1,2
1271,185750,9156,1489,0,0,2,0,3,1,1,2
1272,137000,13526,935,1,0,1,0,3,1,0,1
1273,177000,11512,1357,1,0,1,0,2,1,1,1
1274,139000,5362,1250,0,0,2,0,3,1,1,2
1275,137000,11345,1920,0,0,2,0,4,2,0,2
1276,162000,12936,1395,0,1,1,1,3,1,1,2
1277,197900,17871,1724,1,0,1,1,3,1,1,2
1278,237000,9473,2031,1,0,2,1,3,1,1,2
1279,68400,7500,1128,0,0,1,0,2,1,0,2
1280,227000,9808,1573,1,0,2,0,3,1,0,2
1281,180000,8049,1339,1,0,2,0,2,1,1,2
1282,150500,8800,1040,0,0,2,0,3,1,0,2
1283,139000,9400,1824,0,0,2,2,4,2,0,0
1284,169000,9638,2447,0,0,2,0,4,1,1,1
1285,132500,6000,1412,0,0,1,0,4,1,1,1
1286,143000,9790,1328,1,0,1,1,3,1,2,2
1288,278000,5664,1659,1,0,2,0,2,1,1,2
1289,281000,11065,1970,0,0,2,1,3,1,1,3
1290,180500,14112,1152,1,0,1,0,3,1,1,2
1291,119500,1680,1302,0,0,2,1,3,1,0,1
1292,107500,6600,2372,0,0,2,0,4,2,0,1
1293,162900,10140,1664,0,0,2,1,4,1,1,2
1294,115000,8172,864,1,0,1,0,2,1,0,2
1295,138500,8400,1052,1,0,1,1,3,1,0,1
1296,155000,8700,1128,1,0,2,0,3,1,0,2
1297,140000,3675,1072,1,0,2,0,2,1,0,2
1299,154000,7500,1246,1,0,1,1,3,1,0,1
1300,225000,10762,1983,0,0,2,1,3,1,1,2
1301,177500,7500,1494,0,0,1,0,3,1,2,1
1302,290000,10120,2526,1,0,2,1,4,1,1,3
1303,232000,8688,1616,0,0,2,0,3,1,0,3
1304,130000,3363,1708,0,0,2,0,3,1,0,2
1305,325000,13173,1652,1,0,2,0,2,1,2,2
1306,202500,6955,1368,0,0,2,0,2,1,1,2
1307,138000,8072,990,1,0,1,0,3,1,0,2
1308,147000,12000,1122,1,0,1,0,2,1,0,2
1309,179200,7153,1294,1,0,2,0,3,1,0,2
1310,335000,17500,1902,1,0,2,0,3,1,2,2
1311,203000,8814,1274,1,0,2,0,3,1,0,2
1312,302000,9572,2810,0,0,2,1,4,1,1,2
1313,333168,14774,2599,0,0,2,1,4,1,1,3
1314,119000,8190,948,1,0,1,0,3,1,1,1
1315,206900,11075,2112,0,0,2,1,4,1,2,2
1316,295493,10226,1630,1,0,2,0,3,1,1,3
1317,208900,4230,1352,0,0,2,0,2,1,1,2
1318,275000,14781,1787,0,0,2,0,3,1,1,3
1319,111000,10215,948,0,0,1,0,3,1,0,1
1320,156500,8400,1478,1,0,1,1,3,1,2,2
1321,72500,6627,720,0,0,1,0,2,1,0,1
1322,190000,10186,1923,1,0,2,1,3,1,1,2
1323,82500,5330,708,0,0,1,0,2,1,0,0
1324,147000,9986,1795,0,0,2,0,2,1,1,3
1325,55000,3636,796,0,0,1,0,2,1,0,0
1326,79000,4270,774,0,0,1,0,3,1,0,0
1327,130500,6600,816,0,1,1,0,3,1,1,1
1328,256000,10440,2792,0,0,2,0,5,1,2,2
1329,176500,9084,1632,0,0,2,1,3,1,1,2
1330,227000,10000,1588,0,0,2,0,3,1,1,3
1331,132500,10780,954,0,0,1,0,3,1,0,2
1332,100000,8877,816,1,0,1,0,2,1,1,1
1333,125500,7200,1360,0,0,1,1,2,1,0,1
1334,125000,2368,1365,0,0,1,1,3,1,0,2
1335,167900,9650,1334,0,1,2,0,2,1,1,2
1336,135000,9246,1656,0,0,2,0,4,2,0,2
1337,52500,4118,693,0,0,1,0,2,1,0,0
1338,200000,13450,1861,1,0,2,1,3,1,0,2
1339,128500,9560,864,0,0,1,0,3,1,0,1
1340,123000,8294,872,0,0,1,0,3,1,0,4
1341,155000,13695,1114,1,0,1,0,3,1,0,2
1342,228500,9375,2169,0,0,2,1,3,1,1,2
1343,177000,7558,1913,0,0,1,1,3,1,1,2
1344,155835,11103,1456,0,0,2,1,3,1,1,2
1345,108500,6000,960,0,0,1,0,2,1,0,1
1346,262500,20781,2156,0,0,2,0,3,1,1,2
1347,283463,15306,1776,1,0,2,0,3,1,1,3
1348,215000,16196,1494,1,0,2,0,3,1,1,2
1349,122000,5250,2358,0,0,2,0,4,1,0,0
1350,200000,11643,2634,1,1,2,2,6,2,0,4
1351,171000,9247,1716,0,0,1,1,4,1,1,2
1352,134900,6000,1176,0,0,1,0,2,1,0,2
1353,410000,14720,3238,1,0,2,1,4,1,1,3
1354,235000,10316,1865,1,0,2,1,3,1,1,3
1355,170000,10192,1920,0,0,3,0,4,1,1,2
1356,110000,9477,892,0,0,1,0,3,1,0,1
1357,149900,12537,1078,1,0,1,1,3,1,1,2
1358,177500,2117,1573,0,0,2,1,3,1,0,2
1359,315000,16737,1980,1,0,2,0,3,1,1,3
1360,189000,9842,2601,0,0,3,1,4,1,0,2
1361,260000,16158,1530,1,0,2,0,3,1,1,2
1362,104900,12513,1738,0,0,2,0,4,1,1,1
1363,156932,8499,1412,0,0,2,1,3,1,1,2
1364,144152,3180,1200,0,0,2,1,2,1,0,2
1365,216000,7500,1674,1,0,2,1,3,1,0,2
1366,193000,9179,1790,1,0,2,1,3,1,0,2
1367,127000,2665,1475,0,0,2,0,4,1,1,1
1368,144000,4435,848,1,0,1,0,1,1,0,2
1369,232000,10635,1668,1,0,2,0,3,1,1,2
1370,105000,5400,1374,0,0,1,0,2,1,0,1
1371,165500,9600,1661,1,0,1,0,3,1,1,1
1372,274300,9750,2097,1,0,2,1,3,1,1,2
1373,466500,11400,2633,1,0,2,1,2,1,2,3
1374,250000,10625,1958,0,0,2,1,3,1,1,3
1375,239000,10991,1571,0,0,2,0,3,1,1,3
1376,91000,6292,790,0,0,1,0,2,1,0,1
1377,117000,10998,1604,0,0,2,0,3,1,0,2
1378,83000,1953,987,0,0,1,1,2,1,0,1
1379,167500,9735,1394,0,0,2,1,3,1,0,2
1380,58500,8212,864,1,0,1,0,2,1,0,1
1381,237500,12925,2117,0,0,2,1,4,1,2,2
1382,157000,7200,1762,1,0,1,1,4,1,0,2
1383,112000,25339,1416,0,0,2,0,3,1,0,2
1384,105000,9060,1258,0,0,1,0,2,1,0,1
1385,125500,5436,1154,1,0,1,0,3,1,0,1
1386,250000,16692,2784,1,0,3,1,5,1,2,2
1387,136000,8520,2526,0,0,2,0,5,1,1,1
1388,377500,14892,1746,1,0,2,0,3,1,2,3
1389,131000,6000,1218,0,1,1,0,3,1,1,2
1390,235000,9100,1525,1,0,2,0,3,1,0,2
1391,124000,8944,1584,0,0,2,0,4,2,0,3
1392,123000,7838,900,1,0,1,0,3,1,1,1
1393,163000,10800,1912,0,0,2,0,3,2,1,2
1394,246578,4045,1500,1,0,2,0,2,1,1,3
1395,281213,12665,2482,0,0,2,1,4,1,1,3
1397,137500,6120,1513,0,0,1,1,4,1,0,1
1398,138000,7200,1904,1,0,1,1,3,1,0,1
1399,137450,6171,1608,0,0,2,1,3,1,1,1
1400,120000,6000,1158,0,0,1,0,3,1,1,1
1401,193000,7415,1593,1,0,2,1,3,1,1,2
1402,193879,6762,1294,0,0,2,0,2,1,1,2
1403,282922,15256,1464,1,0,2,0,3,1,0,3
1404,105000,10410,1214,0,0,1,0,3,1,0,3
1405,275000,3842,1646,1,1,2,0,2,1,1,2
1406,133000,8445,768,1,0,1,0,2,1,0,2
1407,112000,8780,833,1,0,1,0,3,1,0,0
1408,125500,7740,1363,0,0,1,0,3,1,0,2
1409,215000,20544,2093,0,0,2,1,3,1,1,2
1410,230000,12420,1840,1,0,2,1,3,1,0,2
1411,140000,9600,1668,0,0,1,1,3,1,0,1
1412,90000,7200,1040,0,0,2,0,2,2,0,2
1413,257000,10994,1844,1,0,2,0,2,1,1,2
1414,207000,13053,1848,0,0,1,1,4,1,1,2
1415,175900,3635,1569,0,1,2,0,1,1,1,3
1416,122500,11340,2290,0,0,2,0,4,2,0,2
1417,340000,16545,2450,1,0,2,1,3,1,1,3
1418,124000,9204,1144,1,0,1,1,3,1,0,1
1419,223000,16381,1844,1,0,2,0,3,1,1,2
1420,179900,11700,1416,0,0,2,1,3,1,1,2
1421,127500,4043,1069,0,0,2,0,2,1,1,2
1422,136500,4435,848,1,0,1,0,1,1,0,2
1423,274970,19690,2201,0,0,2,0,4,1,1,2
1424,144000,9503,1344,1,0,1,0,2,1,1,1
1425,142000,10721,1252,0,0,1,0,3,1,0,2
1426,271000,10944,2127,1,0,2,1,3,1,2,2
1427,140000,10930,1558,1,0,1,1,3,1,1,1
1428,119000,7200,804,1,0,1,0,2,1,2,1
1429,182900,12546,1440,0,0,2,0,3,1,1,2
1430,192140,21930,1838,0,0,2,1,4,1,1,2
1431,143750,4928,958,0,0,2,0,2,1,0,2
1432,64500,10800,968,0,0,2,0,4,1,0,1
1433,186500,10261,1792,1,0,2,1,3,1,1,2
1434,160000,17400,1126,1,0,2,0,3,1,1,2
1435,174000,8400,1537,1,0,1,1,3,1,1,2
1436,120500,9000,864,0,0,1,0,3,1,0,2
1437,394617,12444,1932,1,0,2,0,2,1,1,3
1438,149700,7407,1236,1,0,1,0,2,1,0,2
1439,197000,11584,1725,0,0,2,1,3,1,1,2
1440,191000,11526,2555,0,0,2,0,3,1,1,2
1441,149300,4426,848,1,0,1,0,1,1,1,2
1442,310000,11003,2007,1,0,2,1,3,1,1,3
1443,121000,8854,952,0,0,1,0,2,1,1,1
1444,179600,8500,1422,0,0,2,0,3,1,0,2
1445,129000,8400,913,1,0,1,0,3,1,0,1
1447,240000,10000,2090,1,0,2,1,3,1,1,2
1448,112000,11767,1346,0,0,1,1,2,1,0,1
1449,92000,1533,630,1,0,1,0,1,1,0,0
1450,136000,9000,1792,0,0,2,2,4,2,0,0
1451,287090,9262,1578,0,0,2,0,3,1,1,3
1452,145000,3675,1072,1,0,1,0,2,1,0,2
1453,84500,17217,1140,0,0,1,0,3,1,0,0
1454,185000,7500,1221,1,0,2,0,2,1,0,2
1455,175000,7917,1647,0,0,2,1,3,1,1,2
1456,210000,13175,2073,1,0,2,0,3,1,2,2
1457,266500,9042,2340,0,0,2,0,4,1,2,1
1458,142125,9717,1078,1,0,1,0,2,1,0,1
1459,147500,9937,1256,1,0,1,1,3,1,0,1
